INSERT INTO item (item_id, name, detail, price, quantity) VALUES (1, '원조김밥', '1번 아이템 설명', '2500', '1'); -- 김밥 시작
INSERT INTO item (item_id, name, detail, price, quantity) VALUES (2, '김치김밥', '2번 아이템 설명', '3000', '1');
INSERT INTO item (item_id, name, detail, price, quantity) VALUES (3, '참치김밥', '3번 아이템 설명', '3000', '2');
INSERT INTO item (item_id, name, detail, price, quantity) VALUES (4, '치즈김밥', '4번 아이템 설명', '3000', '3');
INSERT INTO item (item_id, name, detail, price, quantity) VALUES (5, '떙초김밥', '5번 아이템 설명', '3000', '5');
INSERT INTO item (item_id, name, detail, price, quantity) VALUES (6, '샐러드김밥', '6번 아이템 설명', '3000', '8');
INSERT INTO item (item_id, name, detail, price, quantity) VALUES (7, '소고기김밥', '7번 아이템 설명', '3500', '11');
INSERT INTO item (item_id, name, detail, price, quantity) VALUES (8, '돈까스김밥', '8번 아이템 설명', '3500', '17');
INSERT INTO item (item_id, name, detail, price, quantity) VALUES (9, '계란말이김밥', '9번 아이템 설명', '4000', '28');
INSERT INTO item (item_id, name, detail, price, quantity) VALUES (10, '소시지김밥', '10번 아이템 설명', '3500', '3');
INSERT INTO item (item_id, name, detail, price, quantity) VALUES (11, '새우김밥', '11번 아이템 설명', '3500', '1');
INSERT INTO item (item_id, name, detail, price, quantity) VALUES (12, '모듬김밥', '12번 반줄씩 총 2줄(원조+치즈+소고기+참치)', '5000', '4'); -- 김밥 끝
INSERT INTO item (item_id, name, detail, price, quantity) VALUES (13, '돈까스', '13번 아이템 설명', '7000', '3'); -- 돈까스 시작
INSERT INTO item (item_id, name, detail, price, quantity) VALUES (14, '더블돈까스', '14번 아이템 설명', '9000', '5');
INSERT INTO item (item_id, name, detail, price, quantity) VALUES (15, '치킨까스', '15번 아이템 설명', '7500', '2');
INSERT INTO item (item_id, name, detail, price, quantity) VALUES (16, '생선까스', '16번 아이템 설명', '7500', '9');
INSERT INTO item (item_id, name, detail, price, quantity) VALUES (17, '새우까스', '17번 아이템 설명', '7500', '8');
INSERT INTO item (item_id, name, detail, price, quantity) VALUES (18, '치즈돈까스', '18번 아이템 설명', '7500', '6');
INSERT INTO item (item_id, name, detail, price, quantity) VALUES (19, '카레돈까스', '19번 아이템 설명', '8000', '7');
INSERT INTO item (item_id, name, detail, price, quantity) VALUES (20, '고구마돈까스', '20번 아이템 설명', '7500', '3');
INSERT INTO item (item_id, name, detail, price, quantity) VALUES (21, '갈릭스테이크', '21번 아이템 설명', '7500', '4');
INSERT INTO item (item_id, name, detail, price, quantity) VALUES (22, '스페셜정식', '22번 (돈까스+쫄면+만두+원조+캔음료250ml)', '8500', '10'); -- 돈까스 끝
INSERT INTO item (item_id, name, detail, price, quantity) VALUES (23, '유부우동', '23번 아이템 설명', '5000', '99'); -- 분식 시작
INSERT INTO item (item_id, name, detail, price, quantity) VALUES (24, '오뎅', '24번 아이템 설명', '4500', '30');
INSERT INTO item (item_id, name, detail, price, quantity) VALUES (25, '바지락칼국수', '25번 아이템 설명', '6000', '10');
INSERT INTO item (item_id, name, detail, price, quantity) VALUES (26, '김치칼국수', '26번 아이템 설명', '7000', '10'); -- 분식 끝
INSERT INTO item (item_id, name, detail, price, quantity) VALUES (27, '카레덮밥', '27번 아이템 설명', '6000', '10'); -- 식사 시작
INSERT INTO item (item_id, name, detail, price, quantity) VALUES (28, '참치덮밥', '28번 아이템 설명', '6500', '10');
INSERT INTO item (item_id, name, detail, price, quantity) VALUES (29, '소불고기덮밥', '29번 아이템 설명', '6500', '10');
INSERT INTO item (item_id, name, detail, price, quantity) VALUES (30, '제육덮밥', '30번 아이템 설명', '6500', '10'); -- 식사 끝
INSERT INTO item (item_id, name, detail, price, quantity) VALUES (31, '콩나물국밥', '31번 아이템 설명', '6000', '10'); -- 국밥 시작
INSERT INTO item (item_id, name, detail, price, quantity) VALUES (32, '육개장', '32번 아이템 설명', '7000', '10');
INSERT INTO item (item_id, name, detail, price, quantity) VALUES (33, '갈비탕', '33번 아이템 설명', '7000', '10');
INSERT INTO item (item_id, name, detail, price, quantity) VALUES (34, '설렁탕', '34번 아이템 설명', '7000', '10');
INSERT INTO item (item_id, name, detail, price, quantity) VALUES (35, '황태탕', '35번 아이템 설명', '7000', '10'); -- 국밥 끝
INSERT INTO item (item_id, name, detail, price, quantity) VALUES (36, '콜라', '36번 250 ML', '1000', '10'); -- 사이드메뉴 시작
INSERT INTO item (item_id, name, detail, price, quantity) VALUES (37, '사이다', '37번 250 ML', '1000', '10');
INSERT INTO item (item_id, name, detail, price, quantity) VALUES (38, '환타', '38번 250 ML', '1000', '10');
INSERT INTO item (item_id, name, detail, price, quantity) VALUES (39, '콜라', '39번 1.25 L', '3000', '10');
INSERT INTO item (item_id, name, detail, price, quantity) VALUES (40, '사이다', '40번 1.25 L', '3000', '10');
INSERT INTO item (item_id, name, detail, price, quantity) VALUES (41, '환타', '41번 1.25 L', '3000', '10');
INSERT INTO item (item_id, name, detail, price, quantity) VALUES (42, '공기밥', '42번 따끈한 흰쌀밥', '1000', '10'); -- 사이드메뉴 끝
INSERT INTO item (item_id, name, detail, price, quantity) VALUES (43, '돈까스세트메뉴1', '(돈까스+떡볶이+원조2+캔음료(250ml)', '16000', '5'); -- 세트메뉴 시작
INSERT INTO item (item_id, name, detail, price, quantity) VALUES (44, '돈까스세트메뉴2', '(돈까스+떡볶이+쫄면)', '16000', '5'); -- 세트메뉴 끝

INSERT INTO category (category_id, name) VALUES (1, '김밥');
INSERT INTO category (category_id, name) VALUES (2, '돈까스');
INSERT INTO category (category_id, name) VALUES (3, '분식');
INSERT INTO category (category_id, name) VALUES (4, '식사');
INSERT INTO category (category_id, name) VALUES (5, '국밥');
INSERT INTO category (category_id, name) VALUES (6, '사이드메뉴');
INSERT INTO category (category_id, name) VALUES (7, '세트메뉴');

INSERT INTO customer (customer_id, contact_number, name, is_active, role, register_date) VALUES (1, '010-1111-1111', '1111', 'Y', 'NORMAL', now());
INSERT INTO customer (customer_id, contact_number, name, is_active, role, register_date) VALUES (2, '010-2222-2222', '2222', 'Y', 'NORMAL', now());
INSERT INTO customer (customer_id, contact_number, name, is_active, role, register_date) VALUES (3, '010-4609-1935', 'in4mix', 'Y', 'EXECUTIVE', now());
INSERT INTO customer (customer_id, contact_number, name, is_active, role, register_date) VALUES (4, '010-1234-5678', 'choggun', 'Y', 'EXECUTIVE', now());
INSERT INTO customer (customer_id, contact_number, name, is_active, role, register_date) VALUES (5, '010-9012-3456', 'pursue503', 'Y', 'VIP', now());
INSERT INTO customer (customer_id, contact_number, name, is_active, role, register_date) VALUES (6, '010-7890-1234', 'charlie', 'Y', 'VVIP', now());
INSERT INTO customer (customer_id, contact_number, name, is_active, role, register_date) VALUES (7, '010-3333-3333', '3333', 'Y' , 'NORMAL', now());
INSERT INTO customer (customer_id, contact_number, name, is_active, role, register_date) VALUES (8, '010-4444-4444', '4444', 'Y', 'NORMAL', now());
INSERT INTO customer (customer_id, contact_number, name, is_active, role, register_date) VALUES (9, '010-5555-5555', '5555', 'Y', 'NORMAL', now());
INSERT INTO customer (customer_id, contact_number, name, is_active, role, register_date) VALUES (10, '010-6666-6666', '6666', 'Y', 'NORMAL', now());
INSERT INTO customer (customer_id, contact_number, name, is_active, role, register_date) VALUES (11, '010-7777-7777', '7777', 'Y', 'NORMAL', now());
INSERT INTO customer (customer_id, contact_number, name, is_active, role, register_date) VALUES (12, '010-8888-8888', '8888', 'Y', 'NORMAL', now());
INSERT INTO customer (customer_id, contact_number, name, is_active, role, register_date) VALUES (13, '010-9999-9999', '9999', 'Y', 'NORMAL', now());
INSERT INTO customer (customer_id, contact_number, name, is_active, role, register_date) VALUES (14, '010-1010-1010', '1010', 'Y', 'NORMAL', now());
INSERT INTO customer (customer_id, contact_number, name, is_active, role, register_date) VALUES (15, '010-2020-2020', '2020', 'Y', 'NORMAL', now());
INSERT INTO customer (customer_id, contact_number, name, is_active, role, register_date) VALUES (16, '010-3030-3030', 'blocked', 'Y', 'BLOCK', now());
INSERT INTO customer (customer_id, contact_number, name, is_active, role, register_date) VALUES (17, '010-4040-4040', 'banned', 'Y', 'BLOCK', now());
INSERT INTO customer (customer_id, contact_number, name, is_active, role, register_date) VALUES (18, '010-5050-5050', 'inActive', 'N', 'NORMAL', now());
INSERT INTO customer (customer_id, contact_number, name, is_active, role, register_date) VALUES (19, '010-6060-6060', '6060', 'Y', 'NORMAL', now());
INSERT INTO customer (customer_id, contact_number, name, is_active, role, register_date) VALUES (20, '010-7070-7070', '7070', 'Y', 'NORMAL', now());
INSERT INTO customer (customer_id, contact_number, name, is_active, role, register_date) VALUES (21, '010-8080-8080', '8080', 'N', 'BLOCK', now());
INSERT INTO customer (customer_id, contact_number, name, is_active, role, register_date) VALUES (22, '010-9090-9090', '9090', 'Y', 'NORMAL', now());
INSERT INTO customer (customer_id, contact_number, name, is_active, role, register_date) VALUES (23, '010-1212-1212', '1212', 'N', 'NORMAL', now());
INSERT INTO customer (customer_id, contact_number, name, is_active, role, register_date) VALUES (24, '010-2323-2323', '2323', 'N', 'NORMAL', now());
INSERT INTO customer (customer_id, contact_number, name, is_active, role, register_date) VALUES (25, '010-3434-3434', '3434', 'Y', 'NORMAL', now());
INSERT INTO customer (customer_id, contact_number, name, is_active, role, register_date) VALUES (26, '010-4545-4545', '4545', 'Y', 'NORMAL', now());
INSERT INTO customer (customer_id, contact_number, name, is_active, role, register_date) VALUES (27, '010-5656-5656', '5656', 'Y', 'NORMAL', now());

commit;

INSERT INTO category_item (category_id, item_id) VALUES (1, 1); -- 김밥 시작
INSERT INTO category_item (category_id, item_id) VALUES (1, 2);
INSERT INTO category_item (category_id, item_id) VALUES (1, 3);
INSERT INTO category_item (category_id, item_id) VALUES (1, 4);
INSERT INTO category_item (category_id, item_id) VALUES (1, 5);
INSERT INTO category_item (category_id, item_id) VALUES (1, 6);
INSERT INTO category_item (category_id, item_id) VALUES (1, 7);
INSERT INTO category_item (category_id, item_id) VALUES (1, 8);
INSERT INTO category_item (category_id, item_id) VALUES (1, 9);
INSERT INTO category_item (category_id, item_id) VALUES (1, 10);
INSERT INTO category_item (category_id, item_id) VALUES (1, 11);
INSERT INTO category_item (category_id, item_id) VALUES (1, 12); -- 김밥 끝
INSERT INTO category_item (category_id, item_id) VALUES (2, 13); -- 돈까스 시작
INSERT INTO category_item (category_id, item_id) VALUES (2, 14);
INSERT INTO category_item (category_id, item_id) VALUES (2, 15);
INSERT INTO category_item (category_id, item_id) VALUES (2, 16);
INSERT INTO category_item (category_id, item_id) VALUES (2, 17);
INSERT INTO category_item (category_id, item_id) VALUES (2, 18);
INSERT INTO category_item (category_id, item_id) VALUES (2, 19);
INSERT INTO category_item (category_id, item_id) VALUES (2, 20);
INSERT INTO category_item (category_id, item_id) VALUES (2, 21);
INSERT INTO category_item (category_id, item_id) VALUES (2, 22);  -- 돈까스 끝
INSERT INTO category_item (category_id, item_id) VALUES (3, 23);  -- 분식 시작
INSERT INTO category_item (category_id, item_id) VALUES (3, 24);
INSERT INTO category_item (category_id, item_id) VALUES (3, 25);
INSERT INTO category_item (category_id, item_id) VALUES (3, 26);  -- 분식 끝
INSERT INTO category_item (category_id, item_id) VALUES (4, 27);  -- 식사 시작
INSERT INTO category_item (category_id, item_id) VALUES (4, 28);
INSERT INTO category_item (category_id, item_id) VALUES (4, 29);
INSERT INTO category_item (category_id, item_id) VALUES (4, 30);  -- 식사 끝
INSERT INTO category_item (category_id, item_id) VALUES (5, 31);  -- 국밥 시작
INSERT INTO category_item (category_id, item_id) VALUES (5, 32);
INSERT INTO category_item (category_id, item_id) VALUES (5, 33);
INSERT INTO category_item (category_id, item_id) VALUES (5, 34);
INSERT INTO category_item (category_id, item_id) VALUES (5, 35);
INSERT INTO category_item (category_id, item_id) VALUES (6, 36);  -- 국밥 끝
INSERT INTO category_item (category_id, item_id) VALUES (6, 37);  -- 사이드메뉴 시작
INSERT INTO category_item (category_id, item_id) VALUES (6, 38);
INSERT INTO category_item (category_id, item_id) VALUES (6, 39);
INSERT INTO category_item (category_id, item_id) VALUES (6, 40);
INSERT INTO category_item (category_id, item_id) VALUES (6, 41);
INSERT INTO category_item (category_id, item_id) VALUES (6, 42); -- 사이드메뉴 끝

INSERT INTO item_image (item_image_id, name, path, item_id) VALUES (1, '원조김밥_20220303064401_abcdefh.jpg', 'src/main/resources/upload/image/', 1);
INSERT INTO item_image (item_image_id, name, path, item_id) VALUES (2, '원조김밥_20220303064401_abcdefh.jpg', 'src/main/resources/upload/image/', 2);
INSERT INTO item_image (item_image_id, name, path, item_id) VALUES (3, '참치김밥_20220303064402_abcdefi.jpg', 'src/main/resources/upload/image/', 3);
INSERT INTO item_image (item_image_id, name, path, item_id) VALUES (4, '치즈김밥_20220303064403_abcdefj.jpg', 'src/main/resources/upload/image/', 4);
INSERT INTO item_image (item_image_id, name, path, item_id) VALUES (5, '땡초김밥_20220303064404_abcdefk.jpg', 'src/main/resources/upload/image/', 5);
INSERT INTO item_image (item_image_id, name, path, item_id) VALUES (6, '샐러드김밥_20220303064405_abcdefl.jpg', 'src/main/resources/upload/image/', 6);
INSERT INTO item_image (item_image_id, name, path, item_id) VALUES (7, '', '', 7);
INSERT INTO item_image (item_image_id, name, path, item_id) VALUES (8, '', '', 8);
INSERT INTO item_image (item_image_id, name, path, item_id) VALUES (9, '', '', 9);
INSERT INTO item_image (item_image_id, name, path, item_id) VALUES (10, '', '', 10);
INSERT INTO item_image (item_image_id, name, path, item_id) VALUES (11, '', '', 11);
INSERT INTO item_image (item_image_id, name, path, item_id) VALUES (12, '', '', 12);  -- 김밥 끝
INSERT INTO item_image (item_image_id, name, path, item_id) VALUES (13, '돈까스_20220303064406_abcdefgm.png', 'src/main/resources/upload/image/', 13);
INSERT INTO item_image (item_image_id, name, path, item_id) VALUES (14, '', '', 14);
INSERT INTO item_image (item_image_id, name, path, item_id) VALUES (15, '', '', 15);
INSERT INTO item_image (item_image_id, name, path, item_id) VALUES (16, '돈까스_20220303064406_abcdefgm.png', 'src/main/resources/upload/image/', 16);
INSERT INTO item_image (item_image_id, name, path, item_id) VALUES (17, '', '', 17);
INSERT INTO item_image (item_image_id, name, path, item_id) VALUES (18, '', '', 18);
INSERT INTO item_image (item_image_id, name, path, item_id) VALUES (19, '', '', 19);
INSERT INTO item_image (item_image_id, name, path, item_id) VALUES (20, '', '', 20);
INSERT INTO item_image (item_image_id, name, path, item_id) VALUES (21, '', '', 21);
INSERT INTO item_image (item_image_id, name, path, item_id) VALUES (22, '갈릭스테이크_20220303064405_abcdefg.jpg', 'src/main/resources/upload/image/', 22); -- 돈까스 끝
INSERT INTO item_image (item_image_id, name, path, item_id) VALUES (23, '', '', 23);
INSERT INTO item_image (item_image_id, name, path, item_id) VALUES (24, '바지락칼국수_20220303064408_abcdefo.gif', 'src/main/resources/upload/image/', 24);
INSERT INTO item_image (item_image_id, name, path, item_id) VALUES (25, '', '', 25);
INSERT INTO item_image (item_image_id, name, path, item_id) VALUES (26, '바지락칼국수_20220303064408_abcdefo.gif', 'src/main/resources/upload/image/', 26);  -- 분식 끝
INSERT INTO item_image (item_image_id, name, path, item_id) VALUES (27, '제육덮밥_20220303064407_abcdefn.png', 'src/main/resources/upload/image/', 27);
INSERT INTO item_image (item_image_id, name, path, item_id) VALUES (28, '제육덮밥_20220303064407_abcdefn.png', 'src/main/resources/upload/image/', 28);
INSERT INTO item_image (item_image_id, name, path, item_id) VALUES (29, '', '', 29);
INSERT INTO item_image (item_image_id, name, path, item_id) VALUES (30, '제육덮밥_20220303064407_abcdefn.png', 'src/main/resources/upload/image/', 30);  -- 식사 끝
INSERT INTO item_image (item_image_id, name, path, item_id) VALUES (31, '콩나물국밥_20220303064410_abcdefq.jpg', 'src/main/resources/upload/image/', 31);
INSERT INTO item_image (item_image_id, name, path, item_id) VALUES (32, '콩나물국밥_20220303064410_abcdefq.jpg', 'src/main/resources/upload/image/', 32);
INSERT INTO item_image (item_image_id, name, path, item_id) VALUES (33, '', '', 33);
INSERT INTO item_image (item_image_id, name, path, item_id) VALUES (34, '', '', 34);
INSERT INTO item_image (item_image_id, name, path, item_id) VALUES (35, '', '', 35);
INSERT INTO item_image (item_image_id, name, path, item_id) VALUES (36, '콩나물국밥_20220303064410_abcdefq.jpg', 'src/main/resources/upload/image/', 36);  -- 국밥 끝
INSERT INTO item_image (item_image_id, name, path, item_id) VALUES (37, '콜라_20220303064409_abcdefp.jpg', 'src/main/resources/upload/image/', 37);
INSERT INTO item_image (item_image_id, name, path, item_id) VALUES (38, '콜라_20220303064409_abcdefp.jpg', 'src/main/resources/upload/image/', 38);
INSERT INTO item_image (item_image_id, name, path, item_id) VALUES (39, '콜라_20220303064409_abcdefp.jpg', 'src/main/resources/upload/image/', 39);
INSERT INTO item_image (item_image_id, name, path, item_id) VALUES (40, '콜라_20220303064409_abcdefp.jpg', 'src/main/resources/upload/image/', 40);
INSERT INTO item_image (item_image_id, name, path, item_id) VALUES (41, '콜라_20220303064409_abcdefp.jpg', 'src/main/resources/upload/image/', 41);
INSERT INTO item_image (item_image_id, name, path, item_id) VALUES (42, '', '', 42);
INSERT INTO item_image (item_image_id, name, path, item_id) VALUES (43, '', '', 43);
INSERT INTO item_image (item_image_id, name, path, item_id) VALUES (44, '', '', 44); -- 사이드메뉴 끝

INSERT INTO store (store_id, name, owner, city, street, zip_code, status) VALUES (1, '김밥천국 강남점', '김영희', '서울시 강남구', '강남 1길 106', '03924', 'OPEN');
INSERT INTO store (store_id, name, owner, city, street, zip_code, status) VALUES (2, '김밥천국 강북점', '김영진', '서울시 강북구', '강북 10길 85-13', '13924', 'OPEN');
INSERT INTO store (store_id, name, owner, city, street, zip_code, status) VALUES (3, '김밥천국 종로점', '박영호', '서울시 종로4가', '종로4가 2길 110', '23924', 'OPEN');
INSERT INTO store (store_id, name, owner, city, street, zip_code, status) VALUES (4, '김밥천국 을지로점', '강영재', '서울시 을지로2가', '을지로2가 1길 2', '33924', 'OPEN');
INSERT INTO store (store_id, name, owner, city, street, zip_code, status) VALUES (5, '김밥천국 수유점', '김영중', '서울시 강북구 수유동', '수유 3길 36-5', '43924', 'OPEN');
INSERT INTO store (store_id, name, owner, city, street, zip_code, status) VALUES (6, '김밥천국 서울대입구점', '김영철', '서울시 서울대입구', '서울대입구 1길 5-5', '53924', 'CLOSE');
INSERT INTO store (store_id, name, owner, city, street, zip_code, status) VALUES (7, '김밥천국 제주 올레길점', '이영심', '제주특별시 올레길', '올레 2길 210', '63924', 'AWAIT');

commit;

INSERT INTO admin (admin_id, name, password, store_id) VALUES (1, 'admin1', '1234', 1);
INSERT INTO admin (admin_id, name, password, store_id) VALUES (2, 'admin2', '1234', 1);
INSERT INTO admin (admin_id, name, password, store_id) VALUES (3, 'admin3', '1234', 1);
INSERT INTO admin (admin_id, name, password, store_id) VALUES (4, 'admin4', '1234', 1);
INSERT INTO admin (admin_id, name, password, store_id) VALUES (5, 'admin2', '1234', 2);
INSERT INTO admin (admin_id, name, password, store_id) VALUES (6, 'admin2', '1234', 2);
INSERT INTO admin (admin_id, name, password, store_id) VALUES (7, 'admin3', '1234', 3);
INSERT INTO admin (admin_id, name, password, store_id) VALUES (8, 'admin4', '1234', 4);
INSERT INTO admin (admin_id, name, password, store_id) VALUES (9, 'admin5', '1234', 5);
INSERT INTO admin (admin_id, name, password, store_id) VALUES (10, 'admin6', '1234', 6);
INSERT INTO admin (admin_id, name, password, store_id) VALUES (11, 'admin7', '1234', 7);

INSERT INTO orders (order_id, order_date, status, customer_id, store_id) VALUES (1, now() - interval 30 day, 'COMPLETE', 3, 1);
INSERT INTO orders (order_id, order_date, status, customer_id, store_id) VALUES (2, now() - interval 29 day, 'COMPLETE', 3, 1);
INSERT INTO orders (order_id, order_date, status, customer_id, store_id) VALUES (3, now() - interval 28 day, 'COMPLETE', 3, 1);
INSERT INTO orders (order_id, order_date, status, customer_id, store_id) VALUES (4, now() - interval 27 day, 'COMPLETE', 3, 2);
INSERT INTO orders (order_id, order_date, status, customer_id, store_id) VALUES (5, now() - interval 27 day, 'COMPLETE', 4, 3);
INSERT INTO orders (order_id, order_date, status, customer_id, store_id) VALUES (6, now() - interval 27 day, 'COMPLETE', 4, 4);
INSERT INTO orders (order_id, order_date, status, customer_id, store_id) VALUES (7, now() - interval 25 day, 'COMPLETE', 4, 5);
INSERT INTO orders (order_id, order_date, status, customer_id, store_id) VALUES (8, now() - interval 24 day, 'WAIT', 4, 1);
INSERT INTO orders (order_id, order_date, status, customer_id, store_id) VALUES (9, now() - interval 23 day, 'COMPLETE', 5, 6);
INSERT INTO orders (order_id, order_date, status, customer_id, store_id) VALUES (10, now() - interval 22 day, 'COMPLETE', 5, 7);
INSERT INTO orders (order_id, order_date, status, customer_id, store_id) VALUES (11, now() - interval 22 day, 'COMPLETE', 5, 3);
INSERT INTO orders (order_id, order_date, status, customer_id, store_id) VALUES (12, now() - interval 22 day, 'SUSPEND', 4, 4);
INSERT INTO orders (order_id, order_date, status, customer_id, store_id) VALUES (13, now() - interval 22 day, 'COMPLETE', 5, 5);
INSERT INTO orders (order_id, order_date, status, customer_id, store_id) VALUES (14, now() - interval 21 day, 'COMPLETE', 3, 1);
INSERT INTO orders (order_id, order_date, status, customer_id, store_id) VALUES (15, now() - interval 20 day, 'FAIL', 4, 1);
INSERT INTO orders (order_id, order_date, status, customer_id, store_id) VALUES (16, now() - interval 19 day, 'FAIL', 4, 1);
INSERT INTO orders (order_id, order_date, status, customer_id, store_id) VALUES (17, now() - interval 18 day, 'FAIL', 3, 1);
INSERT INTO orders (order_id, order_date, status, customer_id, store_id) VALUES (18, now() - interval 17 day, 'COMPLETE', 2, 2);
INSERT INTO orders (order_id, order_date, status, customer_id, store_id) VALUES (19, now() - interval 10 day, 'COMPLETE', 3, 2);
INSERT INTO orders (order_id, order_date, status, customer_id, store_id) VALUES (20, now() - interval 10 day, 'CANCEL', 4, 2);
INSERT INTO orders (order_id, order_date, status, customer_id, store_id) VALUES (21, now() - interval 9 day, 'CANCEL', 4, 3);
INSERT INTO orders (order_id, order_date, status, customer_id, store_id) VALUES (22, now() - interval 8 day, 'CANCEL', 5, 6);
INSERT INTO orders (order_id, order_date, status, customer_id, store_id) VALUES (23, now() - interval 8 day, 'COMPLETE', 6, 7);
INSERT INTO orders (order_id, order_date, status, customer_id, store_id) VALUES (24, now() - interval 7 day, 'COMPLETE', 7, 6);
INSERT INTO orders (order_id, order_date, status, customer_id, store_id) VALUES (25, now() - interval 7 day, 'COMPLETE', 8, 5);
INSERT INTO orders (order_id, order_date, status, customer_id, store_id) VALUES (26, now() - interval 6 day, 'COMPLETE', 9, 4);
INSERT INTO orders (order_id, order_date, status, customer_id, store_id) VALUES (27, now() - interval 6 day, 'COMPLETE', 10, 3);
INSERT INTO orders (order_id, order_date, status, customer_id, store_id) VALUES (28, now() - interval 6 day, 'COMPLETE', 11, 2);
INSERT INTO orders (order_id, order_date, status, customer_id, store_id) VALUES (29, now() - interval 6 day, 'COMPLETE', 12, 1);
INSERT INTO orders (order_id, order_date, status, customer_id, store_id) VALUES (30, now() - interval 5 day, 'COMPLETE', 13, 2);
INSERT INTO orders (order_id, order_date, status, customer_id, store_id) VALUES (31, now() - interval 5 day, 'COMPLETE', 14, 3);
INSERT INTO orders (order_id, order_date, status, customer_id, store_id) VALUES (32, now() - interval 5 day, 'COMPLETE', 15, 4);
INSERT INTO orders (order_id, order_date, status, customer_id, store_id) VALUES (33, now() - interval 4 day, 'COMPLETE', 16, 5);
INSERT INTO orders (order_id, order_date, status, customer_id, store_id) VALUES (34, now() - interval 4 day, 'CANCEL', 17, 6);
INSERT INTO orders (order_id, order_date, status, customer_id, store_id) VALUES (35, now() - interval 3 day, 'CANCEL', 3, 7);
INSERT INTO orders (order_id, order_date, status, customer_id, store_id) VALUES (36, now() - interval 3 day, 'COMPLETE', 19, 3);
INSERT INTO orders (order_id, order_date, status, customer_id, store_id) VALUES (37, now() - interval 3 day, 'SUSPEND', 20, 2);
INSERT INTO orders (order_id, order_date, status, customer_id, store_id) VALUES (38, now() - interval 3 day, 'COMPLETE', 21, 3);
INSERT INTO orders (order_id, order_date, status, customer_id, store_id) VALUES (39, now() - interval 3 day, 'COMPLETE', 22, 1);
INSERT INTO orders (order_id, order_date, status, customer_id, store_id) VALUES (40, now() - interval 3 day, 'COMPLETE', 23, 2);
INSERT INTO orders (order_id, order_date, status, customer_id, store_id) VALUES (41, now() - interval 3 day, 'COMPLETE', 24, 5);
INSERT INTO orders (order_id, order_date, status, customer_id, store_id) VALUES (42, now() - interval 3 day, 'COMPLETE', 25, 5);
INSERT INTO orders (order_id, order_date, status, customer_id, store_id) VALUES (43, now() - interval 3 day, 'COMPLETE', 26, 4);
INSERT INTO orders (order_id, order_date, status, customer_id, store_id) VALUES (44, now() - interval 3 day, 'WAIT', 26, 2);
INSERT INTO orders (order_id, order_date, status, customer_id, store_id) VALUES (45, now() - interval 3 day, 'WAIT', 3, 3);
INSERT INTO orders (order_id, order_date, status, customer_id, store_id) VALUES (46, now() - interval 3 day, 'COMPLETE', 1, 4);
INSERT INTO orders (order_id, order_date, status, customer_id, store_id) VALUES (47, now() - interval 2 day, 'COMPLETE', 2, 5);
INSERT INTO orders (order_id, order_date, status, customer_id, store_id) VALUES (48, now() - interval 2 day, 'SUSPEND', 3, 2);
INSERT INTO orders (order_id, order_date, status, customer_id, store_id) VALUES (49, now() - interval 1 day, 'SUSPEND', 4, 3);
INSERT INTO orders (order_id, order_date, status, customer_id, store_id) VALUES (50, now() - interval 1 day, 'COMPLETE', 3, 2);
INSERT INTO orders (order_id, order_date, status, customer_id, store_id) VALUES (51, now() - interval 1 day, 'COMPLETE', 4, 1);
INSERT INTO orders (order_id, order_date, status, customer_id, store_id) VALUES (52, now() - interval 1 day, 'COMPLETE', 5, 1);
INSERT INTO orders (order_id, order_date, status, customer_id, store_id) VALUES (53, now() - interval 1 day, 'COMPLETE', 6, 2);
INSERT INTO orders (order_id, order_date, status, customer_id, store_id) VALUES (54, now() - interval 1 day, 'COMPLETE', 7, 2);
INSERT INTO orders (order_id, order_date, status, customer_id, store_id) VALUES (55, now() - interval 1 day, 'COMPLETE', 8, 3);
INSERT INTO orders (order_id, order_date, status, customer_id, store_id) VALUES (56, now() - interval 1 day, 'COMPLETE', 9, 4);
INSERT INTO orders (order_id, order_date, status, customer_id, store_id) VALUES (57, now() - interval 1 day, 'COMPLETE', 10, 5);
INSERT INTO orders (order_id, order_date, status, customer_id, store_id) VALUES (58, now() - interval 1 day, 'COMPLETE', 11, 6);
INSERT INTO orders (order_id, order_date, status, customer_id, store_id) VALUES (59, now(), 'COMPLETE', 12, 6);
INSERT INTO orders (order_id, order_date, status, customer_id, store_id) VALUES (60, now(), 'COMPLETE', 13, 5);
INSERT INTO orders (order_id, order_date, status, customer_id, store_id) VALUES (61, now(), 'COMPLETE', 14, 3);
